Vertrags-ID;Notizen;Arbeitsplätze
b0254cf6-2a4d-42a4-9347-99f8c202dd41;Erstvertrag mit 3x Complete, Kommunikationsserver und 2x Monteur+;3
fb05ee69-162b-415d-a818-160633560235;1x Monteur+;0
632030da-9939-41dc-92c9-6d87e790a597;Erstvertrag 1x Premium (Professional);0
8b9a9b48-393a-4333-993c-9e43e2c92227;Erstvertrag 20x Complete und 35x Monteur+;20
6f1beb1a-a43e-40bb-8294-0a1cd3aa18a8;1x Prüf- und Freigabelizenz, 5x Zeit+ und kostenloses App-Paket;0
ad43689a-d46d-4d7b-9b7b-a7e2e127966a;Erstvertrag 4x Complete (20% da BHE Mitglied), Kommunikationsserver, 3x kostenloses App-Paket, 3x Monteur+ und 5x Zeit+;4
791f63e3-fa57-44a8-bc99-5873f15c3464;1x Zeit+;0
0ec11c62-52f5-4bea-8870-9e624a56ce4e;2x Monteur+ und 2x Bautagebuch+;0
8bcd9cbd-4e83-428b-ab87-05a5adebfe8d;EXI-Jahr 1x Complete und kostenloses App-Paket;1
6043e1c5-3d50-410f-9028-7746bbeab7d5;Erstvertrag 8x Premium (Professional), Elektrokatalog 2-10 AP und Kommunikationsserver;0
58105244-aa06-475d-8113-7e21827ab430;1x Professional und Upgrade Elektrokatalog 11AP;1
5a039eaf-0cb9-45a2-96af-586603ce27f5;1x Professional;1
bceae2e8-ecfc-4bae-8a67-ad471e3e14ec;2x Premium (Professional);0
1491d66e-d357-4083-8827-9abb99d6f003;2x Monteur+ (Preiserhöhung 9,53%);0
bb352e63-39a6-4698-858c-41ee81eca308;Erstvertrag 2x Professional und Elektrokatalog 2-10;2
06e72167-2b0e-46c0-b04b-2d8d1498d6c9;Kommunikationsserver;0
03799ee3-9af1-4bf1-9eba-c066d0e813aa;"Zusammenfassung der Verträge
2x Professional, Elektrokatalog 2-10, 1x Prüf- und Freigabelizenz und 5x Zeit+";2
aa6da5c1-b360-485b-a5cc-b4e96eaaa22d;"Erstvertrag nach Insolvenz
4x Complete, Kostenloses App Paket, Kommunikationsserver, Mehrfirmenfähigkeit, digitale Plantafel, Elektrokatalog 2-10, 5x Monteur+, 1x Prüf- und Freigabelizenz, 10x Zeit+ und 1x Lager+";4
425bedd7-9b04-43a2-a0eb-6f4df2fe00fa;2x Monteur+;0
6c8ae28e-5015-441e-b8b7-c5fade19030f;Teilkündigng 2x Complete;2
e36facbf-23e4-49a2-8c38-f02fe7d58a1a;1x Zeit+;0
d42e1b57-feeb-48a0-b4ba-ae0f9fa20adb;"5x Zeit+ und 1x Prüf- und Freigabelizenz
Es gab zuvor schon ein Mietvertrag mit dem kostenlosen App-Paket";0
b4f33c00-90bf-4b8b-a70e-8746c0545cde;Erstvertrag 2 x Complete, Elektrokatalog und 3x Monteur+;2
2c436d47-a68d-4530-92dc-58d1e03b7fcd;Erstvertrag 1x Professional und Elektrokatalog 1AP;1
a3051edb-8ce3-4c9f-96e0-884f0f6491c4;"Zusammenfassung der Verträge (am 01.09.2021 wurde aber mit der Preiserhöhung 2023 mitgenommen)
4x Professional, Elektrokatalog 2-10, Kommunikationsserver, 1x Mehrfirmenfähigkeit und 5x Monteur+";4
425aa4f7-9f2a-4a84-8f96-dee71e5f7901;Fehlbetrag wo für mich nicht nachvollziehbar ist;0
965ab6f6-9e4b-4b85-a7ec-3da44673210c;2x Complete;2
a0cbbff8-b0b0-46e5-8b76-ac866a052131;3x Monteur+;0
7a43586e-8b37-4a35-a367-5f7790f3041d;2x Complete;2
cdb49756-34c3-4f29-a8b8-c48186eea0b8;Erstvertrag nach Übernahme Hirth, Gundelfingen 18x Complete, 24x Monteur+, 41x Zeit+, Kommunikationsserver, 1x Mehrfirmenfähigkeit;18
5af4a771-86e9-4fbd-b8d9-3a06aeebf48c;6x Monteur+;0
6a5721ef-69ec-45c3-83f5-9f7719dc782b;3x Monteur+;0
74696758-ba34-4745-b9c6-0b244805f424;3x Complete;3
143fc075-3dbd-4c1e-9475-fa568423271d;1x Monteur+;0
4512705d-9a0a-4843-8efd-4fb17fb39268;1x Professional. Eigentlich Kaufkunde aber diese Lizenz wollte man nur auf bestimmte Zeit und hat deshalb gemietet. ;1
05f13a6d-2e11-4387-a630-966a8987a8f2;Erstvertrag 1x Professional und Elektrokatalog;1
cd02e2c8-b7a5-41cb-b26a-bad916b1ca8a;1x Monteur+;0
93b34478-4ee9-4426-9c48-1b8f0dbd50c1;"4x Monteur+
Zuvor einen Vertrag mit den Gratis Apps (18.03.2024)";0
c086cd47-9d27-4863-a304-091fa78cad72;2x CRM+;0
44bb9bb0-1685-4a91-ab99-be8720fc7a85;5x Monteur+;0
0581fc90-1b82-4d29-9e9a-c7d83208c5b8;2x CRM+;0
551c9391-7038-40c9-89d2-d7f5eb8788fe;Erstvertrag 1x Complete, Elektrokatalog 1AP und kostenloses App-Paket;1
ed13d3fb-5e30-47de-90f2-7b68b7ad1162;1x FiBu und 1x Monteur+;0
ca1d03ca-83fc-4dde-aeed-547b398499a9;Erstvertrag 1x Premium (Professional) und Elektrokatalog 1AP;0
037cfc98-d4db-4549-96b0-79e399be4620;EXI-Jahr 1x Complete, Elektrokatalog 1AP und kostenloses App Paket;1
7571eac6-e06c-4d06-95a9-6544cfe12a8c;Erstvertrag 2x Professional;2
61fc1443-76a6-40bc-9df1-228a8b2d6280;1x Professional;1
cd759768-580e-432a-bc80-110a264aaca8;1x Prüf- und Freigabelizenz und 2x Zeit+;0
cf147d9e-2750-4494-a88d-da5220b77679;1x Zeit+;0
8b607d5e-3b5c-4555-905a-ef71f999ca3c;3x Zeit+;0
37f41dd2-6823-4ba1-b557-f5b687c693a4;- 6x Zeit+;0
290deba9-a7cc-4e56-9fa2-30ef4fb96209;Erstvertrag 1x Professional und Elektrokatalog;1
9ce09eb0-26cd-4668-ac1e-4cf600ba7b9e;4x Zeit+;0
239cee44-2795-4068-90cc-0b01ab17b742;1x Professional;1
811cadc5-ff14-4003-affb-a165c66d2349;6x Zeit+;0
c4af94b1-83fa-4580-9c78-b2caa61b079e;1x Professional und Upgrade Elektrokatalog 2-10 AP;1
00f659d7-0a29-4826-b48a-74b826fd3daf;Kommunikationsserver;0
04266ba7-a1be-4c9d-9ded-4b2a6be6fcfa;1x Professional;1
a240d2ec-8467-4ae3-9449-05ffbffec603;4x Upgrade auf Professional und Kommunikationsserver;0
de9ce752-ef19-4d71-b82c-be1a491f84b0;"Zusammenfassung der Verträge
2x Premium (Professional) und Kommunikationsserver";0
ffa076c3-25dd-4bc4-8290-1db669d5624e;1x Prüf- und Freigabelizenz und 27x Zeit+;0
c1ade0de-0ce3-4a01-81a5-1c670ab44b3f;1x Aufmaß+, 3x Monteur+ und 2x Zeit+;0
a424c368-bb62-485c-825b-da6588ad6146;1x Monteur+ und 1x Zeit+;0
d0cb5373-b3cc-48c4-8f30-671f7c6bacdf;Erstvertrag 2x Complete, kostenloses App-Paket, 3x Monteur+, 3x Zeit+ und Kommunikationsserver;2
ae49c9a4-b4a5-4ecd-b1d1-26f8f94d6ac6;Erstvertrag 1x Professional und Elektrokatalog 1AP;1
9d3aea74-2594-4f1a-bed8-0098572a584c;Erstvertrag 2x Complete (30% Rabatt da Freund von Th. Gehring und nie Software vorgeführt) und Kommunikationsserver;2
9a99f28d-5870-4330-b19f-05c08a4a5c9e;Am 27.01.2026 wurden jede App einmal gekündigt da ein Mitarbeiter gekündigt hat. 1x Zeit+, 1x Bestell+, 1x Monteur+, 1x Aufmaß+ und 1x CRM+;0
cb3c5879-13a1-406b-825a-e5645b7a789f;Erstvertrag 1x Professional, Elektrokatalog und 1x Monteur+;1
8a19d2dd-d669-4c6e-88d0-782bb87c628d;1x Zeit+;0
3d7d1ed6-b72a-467e-a030-976f87325053;1x Prüf- und Freigabelizenz, 2x Zeit+, 2x Bestell+, 2x Monteur+, 2x Aufmaß+, 2x CRM+ und Kommunikationsserver;0
b4736d26-b2f7-47c9-a70f-abbaaa334a1c;90x Zeit+ (Bei Umstellung von Kauf auf Miete waren die ersten 6 Monate Mietfrei. Auftrag von Dez 22);0
00909828-ac45-4eb0-a333-4996b0e432da;24x Zeit+;0
bb454acf-4eba-48ab-a4db-d3feb3a1248d;5x Monteur+ (Preiserhöhung 9,53%);0
c16215fd-c25e-405b-b82a-951d92fe37a2;1x Monteur+ und 1x Zeit+;0
d231d9c2-62e7-45de-ae9e-dc0e4ea1aa15;9x Zeit+;0
7ab70644-8b2f-40eb-93b9-e258f6e1b500;1x Zeit+;0
3bbea60b-2fb3-4699-83ca-1f2b98f1d488;2x Monteur+;0
3817ded8-2771-4d16-8d32-f6290bac9fbe;2x Bestell+;0
ac75c71f-adef-4636-96b4-12f9d54e1def;1x Zeit+;0
85b33ad6-3fe6-40d1-a997-38dcaac4d7f1;"Erstvertrag 
1x Professional, Elektrokatalog Kommunikationsserver 1x Prüf- und Freigabelizenz, 4x Zeit+ und 4x Monteur+";1
9b719b56-5774-4a04-81d0-7d8ae52ed0de;1x Mehrfirmenfähigkeit;0
3b967a8b-0676-4f9e-b2e1-0d929170eb4e;2x Professional und Upgrade Elektrokatalog 2-10 AP;2
b65011cc-5075-4a7d-99a2-024ceee85d70;Fehlbetrag wo für mich nicht nachvollziehbar ist;0
59f35d4d-c77c-4a62-9ee0-a7f4cb5a1ba3;Erstvertrag 1x Premium (Professional) und Elektrokatalog 1AP;0
1513b298-19d3-4c7b-9085-d39a5123bde9;1x Professional und Upgrade Elektrokatalog 2-10AP;1
625f1e3b-17dc-463c-b0a0-bb9b54332814;"Erstvertrag
4x Complete, Elektrokatalog 2-10, Kommunikationsserver und digitale Plantafel";4
7fd1703a-8974-47b5-afcf-ecd1627b3060;Erstvertrag 10x Complete, Kommunikationsserver und Elektrokatalog 2-10AP;10
cc599a48-fc92-48ab-ad35-3003fb17787a;1x Complete, 4x Monteur+, 7x Zeit+ und kostenloses App-Paket;1
133d997d-446a-41ed-a922-ba313aae8f24;Erstvertrag nach EXI-Jahr 1x Complete und Elektrokatalog 1AP;1
3fbb255b-601d-4f51-9e02-b400dcfde508;"1x Monteur+
HIer gilt das Nutzungsrecht des Erstvertrages";0
5e8b3042-0cb4-4cfb-ae64-410447803c61;"1x Aufmaß+, 2x Monteur+, 6x Zeit+ und 1x Prüf- und Freigabelizenz
Nutzungsrecht 24 Monate";0
39e7d99b-14c4-44aa-bb82-1212cb17263e;Erstvertrag 1x Complete (20% da BHE Mitglied), 3x kostenloses App-Paket und 1x Monteur+;1
3db9f18a-def7-48f3-aa41-4363d4f386d4;1x Complete (20% da BHE Mitglied);1
9ca64e0e-1c9b-40ba-a639-9db4b9129466;Erstvertrag 4x Complete, Elektrokatalog, Kommunikationsserver und 5x Monteur+;4
d00713d4-d825-4ad6-8c02-25307affc2db;"5x Monteur+
Davor ist ein Mietvertrag mit Gratis-App-Aktion raus 18.10.2024";0
81f3f852-3aaa-45c2-b721-705bcf25863b;"1x Professional 
Ist eigentlich Kaufkunde";1
f656a905-4df5-4fd7-9a7f-d04b20517e1f;"Zusammenfassung der Verträge
4x Professional";4
d4c039ee-f0f3-4938-bcc0-5b2d031c4931;2x Monteur+;0
c5100b7b-df9b-4335-a7fb-ac8502c0e1ef;1x Monteur+;0
c5ec8042-564b-40b0-91f6-bd556a82f540;Softwarepflege wurde auf monatliche Abrechnung umgestellt;0
fc7c1e74-f5de-4de6-9272-29a079a7dc5c;3x Monteur+;0
2de5a688-ce15-4f5e-98db-5b08e5c0d681;2x Monteur+;0
c279372e-38b5-48e2-871c-66b2e4e909ed;Erstvertrag 1x Complete, 1x Monteur+ und 1x Zeit+;1
f39b4c10-7b61-40b3-94c2-c4bae476d74b;Erstvertrag nach Umstellung auf Miete 1x Premium (Professional), Elektrokatalog 1AP und 1x FiBu;0
876d49ca-03d3-4819-8ad9-bbaa358c0051;3x Monteur+;0
16c49f83-1c82-4d90-8aa8-536ab8c745a5;22x Monteur+ (die ersten 6 Monate kostenfrei. Auftrag vom Sep 25);0
6e26e55f-6027-4084-a61d-221662a5c816;2x Monteur+;0
9e257df4-8549-4c48-a887-89b1e50d2b39;1x Prüf- und Freigabelizenz, 7x Zeit+ und kostenloses App-Paket;0
817ca35e-168a-443f-9772-61d55c467b3c;7x Zeit+;0
f24b578a-983b-4a2a-b806-2cac4d8749ff;3x Zeit+;0
be576468-7bba-4183-aa5d-2243c01813cb;2x Monteur+;0
f597056d-7d38-4bd3-ae90-f79b0894c4e3;2x Monteur+;0
efa0d124-3f20-404c-8efb-90a2473b671d;1x Monteur+;0
01a473e1-9fdd-48a3-ba34-2c289addf134;2x Monteur+;0
401ff674-f016-43f7-a6f8-07783041399f;1x Zeit+;0
a2a0e8f4-435d-44a5-850d-34a1257fae0f;1x Monteur+;0
1acb0bda-4f14-4b9f-9d7c-912d802d9f8b;1x Monteur+;0
d9244848-893b-4e60-9833-dec253f8ee97;1x Zeit+;0
72581d33-2824-4867-8aad-0a0da81e9824;1x Monteur+;0
95f97496-834c-4b43-859a-b0394f0d8bb4;2x Monteur+;0
22f490ff-6174-4b27-824e-3679b19dc0df;1x Monteur+;0
f2920249-37ca-47b7-9cf8-81df06e3dac3;2x Monteur+(Preiserhöhung 9,53%);0
8e5153a3-da43-4e27-aea3-bf1fa46ae1fe;1x Monteur+ (Preiserhöhung 9,53%);0
8dd10bfa-343e-430a-8ac6-ccfcd821348e;10x Upgrade auf Complete;0
a180d00a-64a3-4d57-a15e-d174184975f9;1x Monteur+;0
768d4dac-d882-48a5-9679-c2faa793fc87;Monatliche Softwarepflege;0
635c8561-e5e7-446f-a4f1-4d09a631b9fa;Erstvertrag (24 mon. Nutzungsrecht) 1x Complete, Elektrokatalog und 1x Monteur+;1
8baf99da-99e7-4d68-a9f7-8133eb206979;1x Professional, Upgrade Elektrokatalog 2-10 und 1x Monteur+;1
66a6b514-819e-4430-b780-174f4d000f8b;1x Monteur+ aus den EXI-Jahr;0
ae5b70e0-be86-4ada-923e-5e668967231c;Erstvertrag nach EXI-Jahr 1x Complete, Elektrokatalog 1AP und kostenloses App-Paket;1
ff1f026a-1ae0-426a-bf0a-5b2e5a5228e0;1x Monteur+;0
dcbc378b-8afd-44fe-aee5-483585750217;1x Prüf- und Freigabelizenz und 3x Zeit+;0
6597bffb-3bf6-4b1f-8f8a-09d4f60bcd3b;10x Monteur+;0
53964a9e-b3a7-4a08-8334-638a3ee5e279;Aufmaß+;0
ecf7b1fa-6729-4cb1-ac55-ef8de2268721;2x Aufmaßx;0
9ee9c0b8-0991-4d1d-9881-8fa26ede4fb4;1x Zeit+;0
7811ac7a-14e6-4338-b4e5-8d863526ae61;7x Monteur+ Wegen Umstellung von Portable 6 Monate mietfrei (Mietvertrag vom 23.04.2025);0
02fb958b-705d-4373-904e-555116c8e204;3x Zeit+;0
9871b31d-52a4-4e1b-a251-2abf3633a046;5x Monteur+ (Preiserhöhung 9,53%);0
61c67ec0-4206-43dd-ac69-940b6ff9aab9;Erstvertrag nach Umstellung auf Miete 1x Professional und Elektrokatalog 1AP;1
0229e4a8-24eb-4d16-b529-11178466318f;Erstvertrag 2x Complete, Elektrokatalog 2-10AP, Kommunikationsserver, kostenloses App-Paket, 1x Monteur+, Prüf- und Freigabelizenz (Verehentlich mit 15€ bepreist, was auch berechnet wird) und 4x Zeit+;2
12470808-2a4e-4830-a20c-3f9b451c19b9;1x Aufmaß+;0
1fa02815-18e0-46a2-8c53-0381f3ad223d;1x Prüf- und Freigabelizenz, 4x Zeit+ und 2x Monteur+;0
c0f6ab69-8bf8-4643-a6f4-afc22ab99a55;Erstvertrag nach Geschäftsübernahme von Herrn Huppert 1x Complete, Elektrokatalog 1AP und 1x Mehrfirmenfähigkeit;1
22977808-86fd-4018-b51f-ea1bc7484590;3x Monteur+ und 4x Zeit+ (8 Wochen Mietfrei);0
426fa753-fd28-4d6a-9d6c-df691f2f0bd3;Erstvertrag 3x Professional, Kommunikationsserver und 1x FiBu;3
ab8a99b4-9ccd-418c-b1a1-e9ae4405e918;Erstvertrag mit 1x Complete und Elektrokatalog 1AP;1
0879aaca-57ce-4186-895d-a27f4c5ec9c0;Erstvertrag 2x Premium (Professional), Elektrokatalog, Kommunikationsserver und 1x Mehrfirmenfähigkeit;0
72e85166-222c-4140-b9e0-d223d5200e7a;1x Premium (Professional);0
60a23a13-2e2a-4d8d-b85f-1ec9fb82eb2b;5x Monteur+ (War zuvor 3 Mon. Testphase);0
fa0630ff-8358-4ded-a15a-6d2a1d90183b;;0
3a226e01-bd39-4500-8c6f-a19fb640fe7f;Erstvertrag 1x Complete und kostenloses App-Paket;1
a9c5dede-c15f-484b-84a5-50d7193c01f8;Erstvertrag mit 2x Professional, Elektrokatalog 2-10 und 1x Monteur+;2
35e2e60d-6603-44ae-991d-58e05c4ea468;1x Monteur+;0
98a0ce97-e501-4550-a751-22c25f423121;1x Monteur+;0
d139d917-73f7-4838-9517-0afc2f29f944;1x Mehrfirmenfähigkeit;0
2eeb1960-cf57-4d5f-a730-7d021f0879de;1x Professional;1
baeec54f-d801-4370-a4e9-c4fa9371ce0a;1x Professional, Prüf- und Freigabelizenz und 15x Zeit+;1
719966a0-959a-4858-9bf0-bfe7f7f8b954;4x Monteur+;0
4821a9a1-6063-4ecf-bb31-41a65cd74f48;Erstvertrag 6x Complete, Elektrokatalog 2-10AP, Kommunikationsserver und 10x Monteur+;6
5fb83ac5-a2f2-4bb0-8a9b-0474b32049fd;5x Aufmaß+;0
6ee5a813-86d2-4b36-8863-61fcdd3c231d;5x Monteur+, 5x Bautagebuch+ und 5x Aufmaß+;0
c68a8d36-7c0a-4917-a3b7-b25cb582feb3;5x Monteur+ (4 davon 8 Wochen mietfrei);0
c154135f-f42d-42bb-a53b-15bfe45dca37;1x Monteur+;0
f6f21acc-11f8-4050-9687-dc9b7f09a5d5;1x Monteur+;0
72aef17c-4524-4646-8bdd-020a560c12f2;Erstvertrag 2x Complete, Kommunikationsserver, Elektrokatelog 2-10AP, kostenloses App-Paket, 9x Monteur+ 13x Zeit+;2
a41976d3-724a-4340-bbe6-60b533cf1070;"Erstvertrag
2x Complete und kostenloses App-Paket";2
4df2b144-b8d7-4590-91e8-9692f30804d2;1x Monteur+ (Preiserhöhung 9,53%);0
588b41e0-84eb-4683-9ade-ccd8faa1e6ac;1x Zeit+;0
729f6132-bb9d-47c3-972a-717c1068be69;- 1x Complete da das Kassenmodul von uns nicht verwendet werden kann;1
d8a208c8-6f04-4dc7-97cf-17d74e7b97a5;Erstvertrag 7x Complete, Elektrokatalog, 2x Mehrfirmenfähigkeit, Kommunikationsserver und 15x Zeit+;7
2474df1b-59a8-4a88-b821-fefd72216735;Erstvertrag 7x Premium (Professional), Kommunikationsserver, 5x Monteur+ und 1x FiBu;0
98b8a90a-7c63-402d-9f5b-edf50fbf47a1;1x Monteur+ und 2x Zeit+;0
73463315-cd1a-47fb-8ee9-743a5e235e67;Monatliche Softwarepflege;0
cfcd75a1-e33f-419d-9839-5e2bb19389cd;EXI-Jahr 1x Complete, Elektrokatalog 1AP und kostenloses App-Paket;1
003d22ae-6d68-4c20-9b8f-dffb0735c4c8;"Erstvertrag
2x Complete und Elektrokatalog";2
edf4f85d-6623-4570-983c-6a9e9543bb56;3x Monteur+;0
ff0239f0-4089-4b05-98ec-c9d02db7da7b;1x Complete;1
68c4ade7-6993-41c0-9184-d35f3c50c1a8;1x Professional und Upgrade Elektrokatalog 2-10AP;1
c4cf1409-830e-4dbd-aa45-c983e82ced6e;1x Mehrfirmenfähigkeit;0
62c559da-990e-4979-8591-54c3a66b0a0c;Erstvertrag nach Umstellung auf Miete 1x Professional und Elektrokatalog 1AP;1
6cf5d520-4d31-48c2-a0a5-6c7ddf15b4e5;"1x Monteur+ und 1x Bautagebuch+
1 Monat zuvor Mietvertrag mit kostenlosem App-Paket";0
d18cc434-07fb-466b-aae4-79961d77ebf3;7x Monteur+;0
58d7722d-60cf-47d2-ae2d-2a5a64c7aa8f;"Neuvertrag nach Kündigung (ging zu Taifun)
3x Complete, Elektrokatalog 2-10 AP, Kommunikationsserver, Prüf- und Freigabelizenz und 8x Zeiterfassung";3
f6817239-bc58-4d9b-a4f2-83758c1e89ff;1x Complete (Auf dem Mietvertrag fälschlicherweise 2x die Pflege aufgeführt);1
abea2193-2997-4c1f-9d90-4b96e5f228ad;2x Monteur+;0
95d09db3-26a9-4bd3-8fc3-147ffd8386e2;5x Upgrade auf Complete und Kommunikaionsserver;0
26d4f54b-3a1e-44a5-811a-399395e6f0d0;1x Zeit+;0
08a4dd56-8287-4a6c-b740-41bc73e9079c;1x Zeit+;0
f580f6d3-3204-4263-9472-bdd531483c99;1x Monteur+ und 1x Zeit+;0
97f61c2d-6d77-4927-bb2f-ecef9da1c9bf;"Kommunikationsserver und 4x Monteur+

Zuvor gab es ein Mietvertrag über Prüf- und Freigabelizenz 15€ und 4x Zeit+ 20€ von Reinhard Schlumpp";0
469a81f9-6122-4db0-84e3-06355d7d110b;6x Monteur+ (Preiserhöhung auf 94,20€) und Kommunikationsserver;0
e5859db0-7bfa-4225-80eb-7d69edd2f908;1x Upgrade auf Complete, 1x Complete, Elektrokatalog 2-10AP;1
320b8066-2262-47e3-935b-b665b311f096;1x Monteur+;0
33944152-12de-4c58-b55a-6349886d4152;1x Prüf- und Freigabe und 2x Zeit+;0
9386833f-bf5f-4a17-af91-e180da188b0e;Erstvertrag 2x Premium (Professional), Elektrokatalog 2-10 AP und 1x FiBu;0
50c9a5d4-0427-4def-b35b-71f5d437b114;Erstvertrag nach Umstellung auf Miete 3x Premium (Professional) und Elektrokatalog 2-10AP;0
d93f17f4-9ecc-48d3-8423-0f36e4654244;1x Professional;1
419dddf0-7de1-4702-845c-2aabea9aa1ba;Zusammenfassung der Verträge 1x Professional, Elektrokatalog 1 AP, 3x Monteur+, 1x OP-Import aus DATEV, Prüf- und Freigabelizenz 5x Zeit+;1
d62b0280-5ff2-4c79-b679-7902029aad68;1x Professional;1
f36a1a3e-b1fe-4f6e-96a7-c6e48a65c23c;1x Professional;1
b295cb1c-465c-4888-a032-cabefde3c6ff;Erstvertrag 2x Professional, Elektrokatalog, Kommunikationsserver und 1x Monteur+;2
ba9f4966-2a49-43a6-9255-360bc52dc8b4;4x Monteur+;0
13e50bb6-de29-4625-8bf1-561998fab55e;2x Zeit+;0
ad4bea59-cdbb-4600-8666-2c86e4eb3931;1x Monteur+;0
5321e7d9-68f2-44ee-997d-3dc096b4cc53;9x Zeit+;0
49394efe-13a4-4550-8553-5bc0faa67769;1x Monteur+;0
16388041-92da-46d7-8cb4-13f5437e0bd7;Erstvertrag 3x Professional, Elektrokatalog 2-10AP, 1x Monteur+ und Kommunikationsserver;3
74c5ae01-9e28-4590-b756-edf45391917a;1x Monteur+;0
52a5e0c5-4a80-45c0-8037-f01bb97242f5;1x Monteur+;0
c18737ac-afcf-44b0-b380-2d91dd8df8c4;1x digitale Plantafel;0
32e9bf61-901b-4e2c-a59d-f8dbfadcc1eb;1x Zeit+;0
d89ea0a5-46a6-4e7b-98c5-f781e93b27cf;Erstvertrag nach Geschäftsübernahme von seinem Vater 1x Complete, Elektrokatalog 1AP, Komunikationsserver, Prüf- und Freigabelizenz, 1x Mehrfirmenfähigkeit und 4x Monteur+;1
703c1e41-ae3e-4817-9aca-e8283640e070;8x Zeit+;0
f195eb45-f5a0-4ebd-aa07-e44ca15c2922;Zusammenfassung der Verträge 4x Professional, Elektrokatalog, Kommunikationsserver und 2x Mehrfirmenfähigkeit;4
9df8cfa6-830e-464e-8f0f-747e88cfd617;1x Mehrfirmenfähigkeit und 1x Monteur+;0
2869eed9-1b7b-4812-ab5b-f0d784b0a8a3;Erstvertrag 1x Complete, Elektrokatalog, Kommunikationsserver und 2x Monteur+;1
1a449656-ec26-4303-93b9-3e65d90c8e77;Erstvertrag 1x Complete, kostenloses App-Paket, 2x Monteur+ und Kommunikationsserver;1
4d0c9172-b780-4a2f-9d0f-a87290eac37c;1x Zeit+;0
d5e469e5-a908-459a-bfc1-6cee5f5a2d89;Erstvertrag nach Umstellung auf Miete 3x Premium (Professional), Kommunikationsserver und Elektrokatalog 2-10AP;0
d7fdc325-3f84-4011-9ee7-10cf1285b9b5;Fehlbetrag wo für mich nicht nachvollziehbar ist;0
bcdb92cb-1a8f-4e7b-9567-b461a97a07d4;1x Professional;1
3828a1ad-6037-4041-87e7-f158b6dae9e0;4x Upgrade auf Complete und 1x Mehrfirmenfähigkeit;0
e7616653-6153-431b-83d2-28b9117f5ccd;4x Complete;4
01b04eae-8383-42af-af98-da8db76e4304;Erstvertrag 2x Complete, Kommunikationsserver, Elektrokatalog 2-10AP und 1x Monteur+;2
a41dd964-cd48-41e5-b597-9cc20770b856;Teilkündigung 1xMonteur+;0
3144bb85-dbce-4b31-88c9-110fb8461ab0;"Teilkündigung 
3x Monteur+";0
de2006ce-6ea0-40a8-97d2-3fb639570498;"Zusammenführung der Verträge
4x Premium (Professional), Kommunikationsserver und 7x Monteur+";0
1fc529af-9fae-40bb-8433-cc74654ea298;1x Monteur+;0
7dab666c-3b98-49ef-9e54-02c4fd795b77;1x Professional, Kommunikationsserver, 4x Monteur+, 4x Zeit+ und Prüf- und Freigabelizenz;1
7bbdfb0e-2b92-45c9-94fc-e47804467825;Erstvertrag 1x Premium (Professional ) und Elektrokatalog;0
91939858-6788-4759-ab34-b07c5297f8ce;"Erstvertrag
5x Complete, Elektrokatalog, Kommunikationsserver und digitale Plantafel";5
7230179f-3bcd-4250-add5-98a820ebc5de;3x Zeit+;0
0e609ac6-57bd-498a-9ace-2d6acfc34988;2x Complete;2
16aae24a-adbb-43c2-9c07-c7eaac9913da;1x Monteur+ und Bautagebuch+;0
957308e0-cfb2-42f0-ad7d-7d8919052330;40x Zeit+;0
a14dbaf9-a4c1-4895-8c1f-f7e7054d36f2;4x Zeit+;0
dda6271e-f65c-4dbc-887b-b2a0e384e86a;2x Zeit+;0
3d7016ed-43dc-4c68-8e4c-900fc11b905f;3x Upgrade auf Complete;0
960dfe85-b9e6-45f6-bb71-98ded87399c7;ExiVertrag mit 48 Monaten Laufzeit;0
fb8f7eae-07c8-4f30-88a8-5bef71825abd;1x Zeit+;0
3ada9f5a-a495-4a63-8efb-98b73dd83cd0;1x Lager+ (8 Wochen mietfrei);0
d3dfd943-4c56-4adb-ba5b-3854b7aa74ed;Erstvertrag 1x Complete, Elektrokatalog und kostenloses App-Paket;1
aa53c1ac-2693-4523-972a-65ef2ffdf7f9;3x Monteur+;0
3f2a450b-45a9-46f7-bb36-6f115e8a2e83;2x Monteur+;0
2fb29910-cbdc-4d57-a602-92a9f77ac7d2;3x Zeit+ und 1x Monteur+;0
b201051a-462a-4ab3-b200-ef886b194560;1x Monteur+ (Tauschlizenz von portable und deshalb 6 Monate mietfrei);0
7abf9d80-308a-4b3c-a013-929463d529e4;1x Professional und Upgrade Elektrokatalog 2-10AP;1
8cf9b1c3-47e3-48e2-ab3f-034dfcf79f5a;Erstvertrag 1x Premium (Professional) und Elektrokatalog 1AP;0
6a42ee01-08c6-4cbc-8f00-7e95f51eeee8;Erstvertrag 1x Professional;1
506b4e7f-f277-42aa-bc9a-467a993faed5;3x Zeit+ werden entfernt und 3x Monteur+ kommen dazu;0
72c5fdbe-876d-4737-a44d-0ec234a5ad8b;2x Zeit+ und 1x Aufmaß+ (Gratisaktion);0
cc44f451-9bfa-4663-b9de-a59c595a65b1;4x Zeit+;0
0544ba90-8bb6-439e-9363-5de7ee6ed8b2;1x Zeit+;0
ce155205-ef71-4cf6-a68d-532b749807ee;1x Bautagebuch;0
f657a74c-42bc-41e2-baee-56757b8199be;"Teststellung einiger Apps, die nicht wieder gekündigt worden
2x Zeit+, 1x CRM+ und 1x Bautagebuch+";0
afddf940-b95c-4f01-a569-dd3323b2505a;"Zusammenführung und Umstellung auf Complete
Erstvertrag mit 2x Complete, Elektrokatalog 2-10, 3x Monteur+und 3x Zeit+";2
ae30df7c-e467-43d1-96e4-dd814973cfa0;1x Complete und 1x Zeit+;1
10d389c1-74fa-4c37-92ab-25be96641c4b;3x Zeit+;0
592c6a2a-a664-4251-9a5d-ca90c68defd8;Erstvertrag 1x Complete, Elektrokatalog, 3x Monteur+ und Kommunikationsserver;1
0a089f39-c55c-477b-ba46-776bb3a32703;1x Monteur+;0
3002c794-4bf5-407b-b441-4e9262eac1bd;Erstvertrag nach EXI-Jahr 1x Complete und Elektrokatalog 1AP;1
d74acbf8-50a9-459b-b9c9-80300f548a91;Erstvertrag nach EXI-Jahr 1x Complete, Elektrokatalog 1AP und kostenloses App-Paket;1
e0135ac5-fff3-42c8-9a4d-7810ab81c253;Erstvertrag 1x Premiun (Professional) und Elektrokatalog 1AP;0
84b4a9fe-54e7-41ff-aded-e5632cbc4ddf;3x Monteur+ (Preiserhöhung 9,53%);0
8c49442c-f5b9-4f94-81d2-8b2a40b6d821;Erstvertrag 1x Complete und Elektrokatalog 1AP;1
8964d327-3325-4ccc-a856-05f7072258d8;2x Zeit+;0
e92257a7-e37c-443a-95e3-fc4fdbad1680;1x Zeit+;0
cf970e49-07de-4927-8455-9215d0438c7b;Zusammenfassung der Verträge 3x Complete, Kommunikationsserver, 1x Monteur+, 2x Prüf- und Freigabelizenz und 9x Zeit+;3
6be2bde7-338e-48a6-8061-4e1724df6b16;1x Complete;1
33ab88e1-0695-42a4-9294-1f9015b1f9a6;1x Prüf- und Freigabelizenz;0
3872d155-8ece-4260-87ad-2f8fc7e27c6c;3x Monteur+ (1x davon kostenlos wegen GRATIS-APP-Aktion) und Lager+;0
fb5d7452-b781-4908-b7d7-b2acafd4471a;1x Monteur+;0
5c07ab0f-e3f4-4b59-be0d-77b8f3efe3fd;1x Complete, 14x Zeit+;1
04d8f661-981b-4a1b-9cea-c47b37707289;Erstvertrag nach EXI Jahr 2x Complete, Elektrokatalog 2-10 AP, 1x Mehrfirmenfähigkeit und Kommunikatiosserver;2
05f82ea7-70c2-4d19-9e76-347ccacea425;1x Complete;1
7d848fb3-c758-4573-bc3d-9a64618603b1;Erstvertrag nach EXI-Jahr 1x Complete, Elektrokatalog 1AP und kostenloses App-Paket;1
8e63e566-4632-401e-a8e4-c93f2f50391e;War ein Zusatzmodul beim Existenzgründerprogramm;0
af10a3f7-40a1-428d-859b-a349444402c9;Erstvertrag nach Umstellung auf Miete 1x Premium (Professional), Datenkonvertierungs-Tools und Elektrokatalog 1AP;0
af7ee381-03f4-4873-9a9a-bbe73956bb1d;Monatliche Softwarepflege;0
e8fd7dac-61fc-4c3f-979f-b1f3fa5a7e68;;0
ab3ec25b-e695-4459-88ff-f2d51a4559dc;;0
6ab40815-7e4e-4a34-bc5d-dddb205acdd9;;0
b8d20763-5272-4c00-8c61-3bbeb61512b6;1x Monteur+;0
848c047f-3006-46da-a353-0b2b248b622a;3x Upgrade auf Complete, 2x digitale Plantafel, Kommunikationsserver und Prüf- und Freigabelizenz ;0
2fe4b749-6266-4b3e-b081-c7e1b0efb496;5x Zeit+;0
3d9061d0-05cd-4e8f-8309-25816c457dd9;2x Monteur+, 17x Zeit+ und 2x Bautagebuuch+;0
dbe433bd-71cd-4b57-84e8-f498a5c96379;1x Complete;1
c7746ec0-56a4-418d-8f41-28bcd221e3b3;1x Complete;1
282e91d9-d99e-4e2d-8660-f59874d7b7d6;Erstvertrag 8x Complete, Kommunikationsserver, digitale Plantafel und 2x Lager+;8
321dee50-4dbc-4601-96f5-b0a2dcc897a4;Erstvertrag nach Übernahme von der Fa. Elektrotechnik Finger (insolvent) 2x Complete, Kommunikationsserver, kostenloses App-Paket, 1x Monteur+ und Elektrokatalog 2-10AP;2
351c5fbf-93cc-4f44-9064-313ec1d251d4;1x Zeit+;0
dd33ffea-8ab9-4952-a50e-cf3a1eddf39a;1x Monteur+;0
87cf3069-0d29-46aa-890f-da6c429534cb;2x Zeit+, Prüf- und Freigabelizenz und Kommunikationsserver (8 Wochen mietfrei);0
919838bd-d977-454e-a39c-3e412c425951;2x Zeit+;0
719392dd-8afe-4f28-a6ee-5539692e71a3;1x Zeit+;0
21f0107c-0b4c-49ed-9c69-1b44255b7da4;Erstvertrag nach EXI-Jahr 1x Premium (Professional) und Elektrokatalog 1AP;0
6f63f6ed-eecc-4a28-ad26-20adc2cd551b;10x Zeit+;0
432655f5-022c-43b9-8c84-7a5c8b298476;1x Monteur+ und 1x Zeit+;0
90d1ddff-1ace-4f28-b2da-0de578ade172;3 mon. Testlizenzen 1x Prüf- und Freigabelizenz, 14x Zeit+ und 2x Monteur+ (Vertragsdatum 07.12.2023);0
16a97982-75ad-460f-a1dc-1c621160c742;Erstvertrag 8x Complete (20% da BHE Mitglied), Kommunikationsserver, 3x kostenloses App-Paket, 2x Monteur+, 2x Zeit+, 2x Bautagebuch+, 2x CRM+, 2x Aufmaß+, 2x Bestell+;8
df33b3de-437c-431c-838f-957e9fff575d;Erstvertrag 1x Professional;1
f3437cd2-968b-40b6-9210-bed9b0200f85;Erstvertrag 2x Complete (20% da BHE Mitglied), Kommunikationsserver, 3x kostenloses App-Paket und 4x Monteur+;2
c74db42e-1ba3-49a9-bbdc-9eea8ff092db;2x Monteur+;0
6d99d919-ef01-4622-af0a-c0dd3e10fddc;1x Complete;1
899ae507-0aa6-4efe-99f2-13192fd858e3;Erstvertrag 3x Complete und Kommunikationserver;3
75b6db0d-0886-4f02-abaf-1e0ae32d01a4;6x Bautagebuch und kostenloses App-Paket;0
64cd2882-a9ec-4b6b-80ab-4ec119f3ba73;3x Complete sind Rudolf Schmidt GmbH #12796 in Wolfach zugeordnet;3
66994c41-80ea-4fce-bf7c-f79ef8019c16;1x Monteur+;0
40ba6919-4864-43ce-86be-f2dca2ca8a59;Erstvertrag nach Umstellung auf Miete 20x Complete, 1x Mehrfirmenfähigkeit, Kommunikationsserver, xi:opd-Schnittstelle und 2x Monteur+;20
10602ab9-956f-44ca-8802-5d3adc4c9d78;"Erstvertrag EXI 1x Complete und kostenloses App-Paket

Florian Deusch Dienstleistungen";1
cb1a2a69-4789-4c5b-bbd9-8cf22c06c377;"Zusammenfassung der Verträge
7x Professional, Elektrokatalog 2-10 AP, Mehrfirmenfähigkeit, 2x Prüf- und Freigabelizenz, 2x Zeit+";7
3540f427-9c5e-40b7-8808-61d76c982345;Teilkündigung 5x Professional;5
c3dd1039-f29e-46ea-9643-4dff193784b9;Erstvertrag nach EXI-Programm (FrankMED / Bruder) 1x Complete und Elektrokatalog;1
fcc1fdb1-8d13-422d-93e3-58c2a19a83ec;1x Complete und Upgrade Elektrokatalog;1
5ae7b5d1-0b25-432d-be5e-3c258fa7e060;Erstvertrag 3x Professional und Elektrokatalog;3
d07a5c61-84a9-4dfd-8d5f-12457df30b5c;1 weitere Professional, Upgrade Elektrokatalog 2-10 AP und Kommunikationsserver;0
759bd2cc-0719-4737-90e2-ac7fc37f5f06;9x Zeit+ App und Lohnschnittstellenpaket;0
28a20586-fb35-4caf-803a-83835f665a99;1x Zeit+ und 1x Monteur+;0
05317113-79ed-4c42-a34d-890bbeb89f16;Teilkündigung von 6x Zeit+ und 1x Monteur+;0
05d8bdf2-a80d-42cc-bfd9-bac5369580d5;Erstvertrag mit 1x Professional, Elektrokatalog und 1x Monteur+;1
6254c2f8-a8bb-4d2d-a0bd-bff9c3660e36;"1x Monteur+
Auftrag ist vom 06.09.2024 aber 6 Monate mietfrei";0
72aeae39-e4db-400c-9437-146eb6d5f541;1x Monteur+ (Preiserhöhung 9,53%);0
79b61bc1-4896-486f-8b92-6ede24e8c026;Erstvertrag 2x Professional und Elektrokatalog 2-10;2
6e9aa119-bdbd-4ff8-bdd0-e6848585f30a;Erstvertrag nach EXI-Jahr 1x Complete, Elektrokatalog 1AP und kostenloses App-Paket;1
0b06b303-e50f-4893-9ef6-7f2162990852;Erstvertrag 1x Premium (Professional) und Elektrokatalog 1AP;0
8d04d5dd-0879-4553-9eb6-1b86ff62a875;Teilkündigung 3x Zeit+;0
5a3a8b33-f142-4342-88cc-c51fc191a8b8;1x Complete und Upgrade Elektrokatalog 2-10 AP;1
2f864235-51fd-4030-9cff-4902c90d80e3;1x Monteur+;0
07acd40f-643e-4dc5-b93b-3ad74b45c47b;2x Monteur+ und 2x Zeit+;0
a6e29c94-d7e0-4d77-ae74-0c43c540ae21;1x Monteur+;0
8ba33c2d-0d28-44c1-8cb3-1a9447f6672b;1x Complete;1
061cb51d-09e5-45de-ae40-989c8c547603;Erstvertrag 1x Complete, Elektrokatalog, 1x Monteur+, 1x Zeit+ und Kommunikationsserver;1
6a0aaf98-1a38-4974-9988-c5c1dd1c2e75;1x Monteur+;0
f2f5ccbd-994c-4ff8-b295-c1d68a0c3ca6;Erstvertrag nach EXI-Jahr 1x Professional und Elektrokatalog 1AP;1
a900fb68-2489-4887-9a54-788891d93ef3;Teilkündigung Elektrokatalog;0
a85e1f96-2440-4f47-8aa5-edc3ac420d13;Erstvertrag 25x Complete, kostenloses App-Paket, 5x digitale Plantafel und 3x Mehrfirmenfähigkeit;25
2a450a2b-017c-4b01-8b95-2af2ccf49db1;Erstvertrag 3x Complete, kostenloses App-Paket, 3x Monteur+ und 9x Zeit+ (24 Monate Nutzungsrecht);3
d30a64e8-379e-4985-b6f5-3d9fd84a9706;Erstvertrag 1x Premium (Professional) und Elektrokatalog 1AP;0
e1e31825-08b4-4cdb-9f7b-5e01b1de477b;4x Upgrade auf Complete;0
8f2b69ed-2699-49ee-a4b6-20dceac97503;5x Aufmaß+;0
e2b473bb-047b-4c4d-a1f7-317ca81a80f8;5x Zeit+ und 1x Mehrfirmenfähigkeit;0
4799ce54-86f3-4099-a535-cddcdc7a4557;23x Zeit+;0
7d8e24d6-3415-4daf-a92e-b37d866164a1;5x Zeit+;0
8e43a15e-d9b2-4258-bc9a-971ee650bce7;1x Complete;1
6f5bd4d4-7d13-4eef-a6a7-4c6650fe9c6c;1x Professional und Upgrade Elektrokatalog 2-10AP;1
e5703d3b-5749-48e4-a045-1a085532c254;1x Professional;1
77266fc3-1e60-4f14-a130-2ab8fe45e8a4;Kommunikationsserver;0
cf6780ab-3240-4221-8459-e7598bc75d0b;1x Complete;1
7f827b0a-926a-4713-8d41-b5c702b5649d;1x Professional;1
eab5a262-5c0d-4230-888e-6cbbcde9055b;Erstvertrag 1x Premium (Professional) und Elektrokatalog 1AP;0
7a3f2fc3-d2a3-404d-85f2-f830ddee8bea;1x kostenloses App-Paket, 1x Prüf- und Freigabelizenz, 9x Zeit+ (insg.10x) und 7x Monteur+ (insg.8x);0
ea227043-8c99-40eb-bd0a-63152bc5d2f7;Erstvertrag 3x Premium (Professional) und Elektrokatalog;0
3fef0c46-d944-4661-8ead-52cd1977bd5d;Erstvertrag 1x Complete und Elektrokatalog;1
cf07df52-0292-4d8d-a4a1-16d0532442a3;Erstvertrag 1x Premium (Professional) und Elektrokatalog 1AP;0
42367fd3-6344-4b8c-a200-8baae72a8260;Fehlbetrag wo für mich nicht nachvollziehbar ist;0
139425ad-85b2-489f-a95e-ee31a17f1b13;"Erstvertrag 3x Complete, Elektrokatalog 2-10, Kommunikationsserver, 10x Zeit+ und 2x Monteur+
(FiBu, BeBu und Anlagenbuchhaltung lizenziert.)";3
3c57271b-2527-4fcd-b86f-f0b55c53b81b;2x Zeit+;0
ed4ed123-63dc-46ed-88f4-ad06be9c36e3;2x Monteur+, 2x Bautagebuch und 3x Aufmaßapp;0
12a83826-a87d-42c2-834d-e9d1eb163d4c;1x Monteur+;0
4239d4cf-d7a3-47be-b6f9-94b0cf60057e;Erstvertrag 1x Complete, Elektrokatalog 1AP und kostenloses App-Paket;1
bb9acbe9-24c8-4a18-96ee-3b2b26543b42;1x Monteur+;0
caa89360-be58-4d4f-be8d-99466af12fcd;1x Complete und Upgrade Elektrokatalog 2-10AP;1
648b36ce-7867-4e3f-8e63-5f86e6aa69db;1x Monteur+ und 2x Zeit+;0
e658ee4f-88f1-4879-9836-3081760a9d6c;1x Complete, 2x Upgrade auf Complete, Kommunikationsserver und kostenloses App-Paket;1
d712a90e-66e5-4a4c-85d0-833cfa1cd68e;3x Monteur+ und 5x Zeit+;0
59eed409-b8d1-4305-a2cd-f4b9e91be4b9;Erstvertrag 1x Complete, Elektrokatalog 1AP und kostenloses App-Paket;1
8a812d21-b5c3-4c0f-be51-46f8a78c277a;1x Monteur+;0
065ecbc4-4415-4f91-9dd0-8435a618c387;3x Monteur+;0
34d4abb3-9855-4206-b5ad-9b896324ddd5;2x Monteur+;0
7c075aa5-9be4-47d2-ae46-7089f8ae9464;1x Complete und Upgrade Elektrokatalog 2-10AP;1
d7c1573e-89e2-4110-b48a-3432ef9296c6;1x Complete und 4 Monteur+;1
3488972e-4014-4e61-9f05-8f2ff36b5876;Erstvertrag 3x Premium (Professional), Elektrokatalog 2-10AP, Datenkonvertierungs-Tools und 60 Min Premium Support-Paket (29,90€) das nicht mehr abgerechnet wird;0
4b13ac7b-e24a-42b1-87f7-5114a35d9a6f;1x Monteur+;0
e1e67ce2-6881-402b-8c17-97c4c18d1c53;1x Premium (Professional) und 2x Monteur+;0
390be152-90f2-4f93-acfd-94f1df550990;4x Dynamische Checklisten und Freifelder;0
2a7a457f-0c81-4875-9089-db0d83ed9d90;1x Lager+ und 2x Bautagebuch;0
7f7ed046-cdbd-4e3c-8a37-5967f0ef2c54;1x Professional;1
a73c3740-bc01-473e-bad9-f594772d921c;1x Monteur+;0
ccdc6a5c-8c41-46da-a1fd-42d8a0428d31;Erstvertrag 2x Premium (Professional), 1x Monteur+ und Kommunikationsserver;0
abfd851d-bf80-4041-806b-faa8721b1613;4x Workflowmanagement;0
7e7db85f-5968-4828-a30a-a8cfaecc7ba8;2x Monteur+ / Zeiterfassung Basismodul und 3x Zeit+ wurde aus dem Vertrag wieder gestrichen bzw. gekündigt;0
61dce352-f6f1-470b-bfe1-5ac00f46a19e;Existenzgründerprogramm 1x Complete;1
67882252-08dd-4a20-b2f7-b07ad79078bf;Erstvertrag nach EXI-Jahr 1x Complete, Elektrokatalog und Kommunikationsserver;1
5f63bcbd-79cc-457e-9f4b-b81e206abbfe;Erstvertrag nach EXI-Jahr 1x Professional und 1x Elektrokatalog;1
182dfaa2-08a3-4a33-9da8-d38d02621b4e;1x Mehrfirmenfähigkeit;0
d2bc3f25-0240-4e1d-abb7-486a4e85eaf7;Erstvertrag nach Umstellung von SHW 1x Premium (Professional) und 1x Datenkonvertierungs-Tools;0
2d028f9e-debc-4028-9464-e6bb1f12511b;1x Zeit+;0
38e0ed2e-3cf2-48c7-808b-e76eb37f91ae;1x Zeit+;0
80d987b5-90fb-4fbf-a182-4ec4a8e66404;1x Monteur+;0
423a5b48-dbf2-4cf9-82d2-6f1ba283eae9;"2x Monteur+

Es gibt schon ein Mietvertrag über Prüf- und Freigabelizenz 15€ und 1x Zeit+ 5€  im Bestand (Von Reinhard Schlumpp)";0
1b3d641f-ad1e-4e9d-8d62-54abea399853;Erstvertrag mit 2x Complete (-20% BHE Mitglied), 3x kostenloses App-Paket und 1x Monteur+;2
b0d1b828-39e3-484a-a5f2-bfd39d23aa09;Erstvertrag mit 1x Professional, Elektrokatalog und 1x Monteur+;1
62c9d68c-7c17-4e2a-886c-7270091725a8;Zusammenführung der Verträge 2x Complete, Elektrokatalog 2-10 AP, kostenloses App-Paket, 2x Monteur+ und 2x Zeit+;2
8f21b080-ed45-44b8-8d14-3cca41a40223;Erstvertrag 2x Complete, Elektrokatalog, kostenloses App-Paket, 6x Monteur+, 17x Zeit+ und 3x Aufmaß+ (12 mon. Nutzungsrecht);2
d0d63618-8e04-48d2-8692-c041a14d923e;1x Complete;1
48c39366-970c-4b5a-a0fa-2a30f0a5ec70;4x Monteur+;0
6cd9310a-ceb3-43c5-954d-47c17b4fa0d5;Erstvertrag 1x Premium (Professional) und Elektrokatalog;0
ddbdc8b5-ffbd-4585-a6ff-8b0b82061d22;Erstvertrag 2x Professional und Elektrokatalog 2-10AP;2
d7051d21-2853-485a-afc2-0b75e6f85f76;Erstvertrag mit 1x Complete, Elektrokatalog 1AP und 1x Monteur+;1
e811bf58-d8fe-4038-8a9c-fa848b2dfa3c;1x Complete und Upgrade Elektrokatalog 2-10AP;1
66892e45-9140-4e96-a6a2-24960cc16905;1x Monteur+ und 11x Zeit+;0
f9d30314-acce-466c-830d-0f32b249034d;Monatliche BV für den Kaufvertrag;0
46e7099b-0640-4057-9512-6d97bda92e63;1x Prüf- und Freigabelizenz, 3x Zeit+, 1x Monteur+ und Kommunikationsserver;0
dab1a6b2-e7f6-4805-9c58-b3c9996187d3;1x Professional und Upgrade Elektrokatalog 2-10AP;1
2dc7a3b0-d9d7-4f6e-9753-f538babefa07;Erstvertrag 1x Professional und Elektrokatalog 1AP;1
5ffb09c4-527b-4cff-b8f9-9d8894b36db0;Erstvertrag 6x Complete und Kommunikationsserver;6
7c79ed5f-4693-466c-ab83-73b4c74f1964;Elektrokatalog 2-10;0
a7383cff-b1a8-48ee-a816-c455c3e923cd;2x Complete und 2x Monteur+;2
8b168659-a932-4c2d-aadc-c00b67d3ae41;2x Monteur+;0
23f1b7b7-6d06-4b03-a1c0-4485d9e628d2;1x Complete;1
b85ae2ac-8ade-40b7-81f5-82bbe3d8ac98;2x Complete;2
4c9b4fd0-e8c0-4b4a-a4fd-bcd687315742;1x Monteur+;0
32f6fca5-d64e-4f33-b508-fe9a31daa865;1x Monteur+;0
00e96049-b126-47dd-887b-ccb00150873d;1x Zeit;0
100b252b-44fc-4cca-b67f-8cacc941fbed;1x Prüf- und Freigabelizenz und 19x Zeit+;0
9f50a1a6-3420-4cbe-9980-786642668ac5;2x Zeit+;0
cd45c066-04f3-4287-9e55-5ffb65d2894c;2x Zeit+;0
af089576-1538-4348-a1dc-9112853cd863;2x Monteur+ (Preiserhöhung 9,53%);0
712a92b7-328c-41e1-bdb3-c2b52571b718;Erstvertrag nach EXI-Jahr 1x Complete;1
9aa4592a-954c-4db1-b4d9-95945097d67e;1x Prüf- und Freigabelizenz;0
b886cc83-6036-4cca-bba9-1e632fcce980;1x Monteur+;0
3133e053-ab6b-4adb-8565-ccee398c9aa3;Erstvertrag 1x Complete, Elektrokatalog, kostenloses App Paket, Monteur+;1
f5d8f91c-52d3-4583-95fe-bb0cfa15500c;1x Zeit;0
d4694ef2-8bfb-43c2-9f6a-e4081bafcbc7;1x Monteur+ und 1x Zeit+;0
ac9e251a-84f0-4d80-a024-989112da98d6;3x Aufmaß+;0
065f7f6a-55b5-4fa9-b4fc-e9964f1cae1a;1x Bautagebuch+;0
1ad13463-f469-4bb2-8207-e485e761d871;1x FiBu;0
fe039fb3-04c2-42ed-bcac-4ca43d3baa44;Erstvertrag 1x Professional, 1x Monteur+ und Elektrokatalog 1AP;1
012fec4a-118c-4bc7-b20b-783d729e8aa1;Erstvertrag mit 9x Complete (eigtl. 598,59€), Kommunikationsserver, 1x digitale Plantafel, 1x kostenloses App-Paket. (Im Nachhinein 2x kostenloses App-Paket dazu und 20% da BHE Mitglied und wir später die BHE-Vorteil beschlossen haben.);9
4fbb6ccc-90f5-4ce8-93ad-8910edba5912;8x Monteur+;0
ddb618fd-9309-49cb-8a54-8d7c530362a8;3x Monteur+;0
41124747-462d-4c2a-a84b-60810e796c50;11x Zeit+;0
87adc50a-bffd-4a3a-9e37-c7927344adfe;Erstvertrag nach dem EXI-Jahr 1x Professional und Elektrokatalog 1AP;1
33274e36-7a39-4425-8afd-772d8583d2f5;1x Monteur+;0
7591a572-012f-4ce0-a7df-9b8c5465c761;"Zusammenführung der Verträge
3x Professional, Elektrokatalog 2-10, kostenloses App-Paket und 5x Monteur+";3
a657a87f-251b-4b02-9203-e1e46a1f529a;Erstvertrag 1x Premium (Professional) und Elektrokatalog 1AP;0
e38f1841-ffd1-4c4f-85a7-9a0e71ee65c9;Erstvertrag nach EXI Jahr 1x Complete und Elektrokatalog 1AP;1
fd5e541b-bbb8-4aa6-86d2-8210ba3d5e19;"1x Monteur+
Zuvor ging ein Mietvertrag mit Gratis-App-Aktion raus";0
729680fa-436a-4bd3-8aa8-8a058948f8ff;Erstvertrag mit 11x Professional, Kommunikationserver und 5x Monteur+;11
3b81125e-a765-4760-be73-e4a38215f9a5;14x Workflowverwaltung;0
35f7d152-e8a3-47cb-9185-4c776400ef63;3 weitere Professional;0
dba314ed-1c9f-4e6c-a14a-56eb86dae877;1x Monteur+;0
3c0fead1-d01a-4cf2-865f-069f407f4833;1x Monteur+;0
c490a97c-80ee-420a-8c6a-cf284b3ce5e0;1x xi:opd-Schnittstelle;0
0c7b3759-d404-4035-9b64-4985c7796e15;1x Monteur+ und 1x Zeit+;0
4c9594a5-a34b-4257-b8f5-50289a2bdcb8;Erstvertrag 1x Professional, Elektrokatalog und 1x Monteur+;1
c3a1f539-01fe-406a-b42e-1d37b74c412b;1x Prüf- und Freigabelizenz und 1x Zeit+;0
4ac10d1d-ef2d-453b-812a-b6e1883d0e6c;Erstvertrag 2x Complete (20% da BHE Mitglied) und 3x kostenloses App-Paket;2
08c1cf46-98b5-473a-a879-bf3fe82588df;3x Monteur+;0
bf553200-79a0-48e3-b224-6ed0ca0c2219;Erstvertrag 2x Premium (Professional) und Elektrokatalog 2-10 AP;0
84ab261a-810a-43b5-afed-2abff7d64276;4x Professional und Mehrfirmenfähigkeit;4
7586f817-0015-447f-b120-ffdd42d8ebbd;"1x Monteur+
Es gibt noch ""alte"" Mietverträge über 201,22€ von Egbert Skowronnek";0
a6888204-a37f-4475-b5fb-aebefaa0ad47;5x Bautagebuch;0
fd66eba3-304b-43c4-a057-dcedf4ef5a17;1x Monteur+;0
cbc2dd36-90bf-419a-87d7-16c48e7c4c65;1x Monteur+;0
18928826-2cbb-4fde-88a9-3a88d8091cb5;2x Monteur+;0
9ada8ba0-3198-4eeb-a898-4edde964b590;(18 mon. Nutzungsrecht) Erstvertrag mit 2x Complete, Elektrokatalog, Kommunikatioserver und 1x Monteur+;2
b4d4582d-391a-4e65-9a64-65292855e31a;1x Prüf- und Freigabelizenz und 2x Zeit+ / Der Rest des Vertrages wurde wieder gekündigt 2x Monteur+ und 2x Bautagebuch;0
ce35296d-bc56-420c-bf86-220f82762023;1x Monteur+;0
f77c8952-dbc5-4bf9-9160-6860dfaf0baf;Zusammenfassung der Verträge 1x Premium (Professional), Elektrokatalog 1AP und 1x Monteur+;0
1da5f1f1-6446-4b7d-91a9-e49c36eebd4a;"Zusammenfassung der Verträge 
3x Professional, 1x Prüf- und Freigabelizenz und 7x Zeit+";3
161b2218-6988-4b2f-8669-6994942cb820;"Zusammenführung der Verträge
3x Professional";3
267e4cc7-6b8e-4dac-90df-2c5c5e94a068;Prüf- und Freigabelizenz und 17x Zeit+;0
b9997796-c056-44ba-9b3a-eb2f1de2923e;2x Monteur+;0
c018a01a-b708-458b-bfa2-f6e22e4b1b1c;1x Mehrfirmenfähigkeit;0
ae74f6d2-9aed-42c5-ac4c-0e3d3cbb861e;4x Monteur+;0
96221cb2-7d81-4d31-9173-1c85181e0ea9;2x Monteur+;0
fd74eec0-b24d-4907-b30f-0ea07ba7f8a3;1x Monteur+;0
7130ed91-f3a8-4d6f-82b2-c66635295482;2x Zeit+;0
751d9234-1f34-4bad-b3bc-71dd375bf96f;1x Monteur+;0
bde30de0-9e1b-427c-aad2-25f203daa2f3;1x Lager+;0
31b9f027-e64b-4244-8dee-8d3e9316676b;2x Monteur+;0
8ee6c418-9d1f-4f0e-b925-7f1d134fe730;1x Monteur+;0
a5629ca8-98ae-40fc-8446-eb45eccd6014;5x Zeit+;0
a9c1157e-26c2-4ed8-9408-b5ebcc905b5a;1x Professional;1
af7a4ed0-ec9d-42ba-bfc7-ed17b6ab5709;Teilkündigung Lager+;0
9144e382-4310-4c2e-8c0f-b8d9e1abe368;Kommunikationsserver und 2x Monteur+;0
d35acafc-04c1-4c3b-b57a-420e36e00424;1x Monteur+;0
8381e28b-1030-469d-9439-2fa5098ab2f2;1x Monteur+;0
fb6ac617-f963-4845-ad92-e46e720b3349;1x Professional;1
06261398-6afe-42a5-9ba8-97a92eee5974;"Zusammenführung der vorherigen Mietverträge
1x Professional, 1x Kommunikationsserver und 4x Monteur+";1
8fc511cb-cdec-4904-866e-3d266cdb417e;4x Bautagebuch;0
4b575615-7ea8-4a22-878f-47944cb3e673;1x Lager+ App;0
f3ec99ce-dd3a-48cf-8963-fc9c5d76471a;"Erstvertrag nach einem Jahr EXI
1x Complete, Elektrokatalog und kostenloses App-Paket";1
a9fe7951-3647-404c-b0f7-7e44f7bd4116;1x Complete;1
9e6fdd2a-b551-4d24-a083-58cd04ceec6f;Teilkündigung von 1x Monteur+ und 2x Zeit+;0
c9f9fb81-ef3d-4472-b933-3ddeb96b1d98;1x Complete, Upgrade Elektrokatalog 2-10 AP 1x Monteur+ und 2x Zeit+ (Zeit+ und Monteur+ zum 31.05.2025 wieder gekündigt);1
36ecca84-9434-412c-8205-3f71036cfc34;Erstvertrag 2x Premium (Professional), Elektrokatalog und Kommunikationsserver;0
2b69f477-468a-4d88-93c3-185ba1f34c57;1x Professional;1
3bb02bce-a6dc-410d-9824-4c5400a9c659;Erstvertrag 1x Professional;1
06fec181-d816-4d4b-a052-96151cd35c70;1x Professional;1
f584c2c2-62b6-405f-b8e9-dea4f8ea05c1;Teilkündigung 6x Monteur+;0
989836db-9dcd-4973-9616-fce66417c7bc;"Zusammenführung der Verträge
3x Professional, Kommunikationsserver, Elektrokatalog 2-10 AP und 5x Monteur+";3
3eb1878e-956f-4161-b777-bd6f25213561;3x Monteur+;0
0f9fbca5-b7b7-4782-8ab5-25220680f5d4;8x Zeit+;0
25d9535a-d04a-4404-a207-edb2721c6649;2x Monteur+;0
0940e900-3700-4ed5-960c-743403debf5d;10x Zeit+;0
327fd11e-4d6f-4c88-930d-28870746e1a4;10x Zeit+;0
ae2c59f9-c84c-4caf-beaa-dd16c6ca42eb;1x Prüf- und Freigabelizenz und 5x Zeit+;0
9cda8e93-c743-4f6c-98ed-adc6209bbe8c;5x Zeit+;0
c78f3913-bbcf-40e9-bdcf-bc507c23b0bf;2x Zeit+;0
3f95ec93-368f-444b-a657-4f0969548d22;3x Zeit+;0
d271eeb7-dfab-4c37-b284-280237dc048f;2x Monteur+;0
4f26cda2-3f32-4e2f-a000-1337021dfadf;1x Monteur+ (Preiserhöhung 9,53%);0
432e9e8e-fbb9-45be-aa0a-81b6c82826ed;5x Monteur+ 2023 (Preiserhöhung 9,53%);0
c23778d7-3458-46fa-8fe2-76599414e395;1x Professional;1
4bc41e03-4035-4d51-a5f7-9b1703dbb920;1x Professional;1
964730f6-0792-4245-966f-a8da143cf223;1x Professional Upgrade Elektrokatalog 2-10AP;1
5a8438c4-5d23-4f4f-a968-90d2189ed5b3;1x Professional;1
6d45cb28-f75d-42a8-90a7-5be7b6b1553a;Erstvertrag 1x Professional und Elektrokatalog;1
5e690a29-cdb4-44fc-a4e0-00f80610cd82;3x Monteur+, 1x Prüf- und Freigabelizenz und 3x Zeit+;0
5a7f3b7c-7a83-4098-8171-169cd0f48822;Es gibt keinen Vertrag. Dieser Betrag wird vom Mietvertrag der Fa. Fleig Versorgungstechnik abgezogen. ;0
c17f6a3e-0de5-4ae4-ad58-5ab116510cf8;Erstvertrag nach Umstellung auf Miete 4x Professional, Elektrokatalog 2-10AP und Kommunikationsserver;4
96880500-75f8-486d-93ed-359a55859775;Erstvertrag 1x Premium (Professional) und Elektrokatalog;0
d9171fdc-a9d3-4a02-ba7d-e7491192d9eb;Erstvertrag nach EXI-Jahr 1x Complete, Elektrokatalog 1AP und kostenloses App-Paket;1
720f64e6-7754-40b8-b76a-91cdf18fadc3;Erstvertrag 5x Complete, Elektrokatalog 2-10AP, Kommunikationsserver, 1x digitale Plantafel und 1x Mehrfirmenfähigkeit;5
90d5555b-e497-4470-8bbb-547f21fdd285;1x Complete;1
3331bf2f-817b-4a9c-b807-ff78eb9e71d3;3x Monteur+;0
8ccf77de-453e-40fa-b14e-04cb9fee729c;4x Monteur+;0
7ce25ea6-dd74-4a3d-85cf-89158fbfc846;1x Monteur+ (Es gab zwei gleiche Aufträge diesen Monat);0
d0330b36-d480-4941-934a-c6a657da7fe5;"1x Monteur+ (Es gab zwei gleiche Aufträge diesen Monat)
Es gibt noch ""alte"" Mietverträge über 658,30 von Egbert Skowronnek";0
ea388ef5-d898-4d05-995d-7e58338bb80c;2x Monteur+ und 10x Zeit+;0
63929909-94c7-4d8b-9620-f3660feaa00b;Erstvertrag 1x Premium (Professional) und Elektrokatalog 1AP - Der 1x Monteur+ wurde von diesem Auftrag gestrichen;0
5b761bf6-558c-49d2-a4fe-88b8c0f9dfa4;"1x Zeit
Es gibt noch ""alte"" Mietverträge über 125€ von Reinhard Schlumpp";0
6f1315ff-a3a0-4fc7-a37c-d195cdaac82a;1x Lager+ App;0
e3477ee8-3c65-4f5f-b9f6-84744d65be00;6x Zeit+;0
2ada4622-db0a-495a-a381-610f5b7a0a7f;2x Monteur+ und 2x Aufmaß+;0
e2e92325-f9dc-49ff-8bd6-af3838524fe3;Erstvertrag mit 27x Complete, Kommunikationsserver, 2x Mehrfirmenfähigkeit, 82x Zeit+, 2x Monteur+, 3x FiBu, 2x BeBu, 3x Anlagenbuchhaltung, 4x digitale Plantafel;27
f5789b5c-014c-44a8-94cf-9dc1b16c651f;2x Lager+;0
baa52161-39f2-41fd-a361-42affdc63c19;8x Zeit+;0
8921e3d3-08f0-4379-976b-91651cf88106;Teilkündigung von 4x Complete;4
e749d7f4-a753-471b-b682-c981729e100a;7x Complete;7
e43a6dbb-feb9-46f6-84d7-6f0817b798c9;4x Professional;4
df8f50f8-12d9-479c-8476-37798b5b39c3;1x Professional;1
38fb3b70-f6b2-4892-a854-76055c9b9ad9;Erstvertrag 1x Professional;1
31218e99-159e-4cb9-ba63-a48ad35c7499;Erstvertrag 2x Complete (Ausversehen die Pflege 2x aufgeführt. Wird aber nicht berechnet), Kommunikationsserver, digitale Plantafel, kostenloses App-Paket und 5x Monteur+;2
6fbfd71b-565b-4b63-a3fc-9ed47c14b2cc;1x Prüf- und Freigabelizenz und 2x Zeit+;0
6b2bef02-8414-4239-913f-1cabe735803c;11x Aufmaßapp;0
6c931b80-c427-42df-b169-3c04ccd51ab6;Erstvertrag 15x Complete, 1x Mehrfirmenfähigkeit, Kommunikationsserver, 42x Monteur+, 17x Zeit+, 1x digitale Plantafel, 11x Aufmaßapp und 3x kostenloses App-Paket (Ist BHE Mitglied);15
90115cd5-db77-498a-83c8-a2ef976eebff;1x Monteur+ und 1x Aufmaß+;0
47dc9715-4722-41c3-8492-96a6418e88b2;Erstvertrag 2x Complete, Kommunikationsserver, kostenloses App-Paket, Elektrokatalog 2-10AP und 1x Monteur+;2
47912106-ae42-4fd6-a881-43aee20592b5;Erstvertrag 2x Complete, Elektrokatalog 2-10AP und Kommunikationsserver;2
525efb8c-6853-4600-a1e4-6305c2004c5f;Erstvertrag 5x Complete (20% da BHE Mitglied), 3x kostenloses App-Paket und 1x Monteur+;5
25aef6c2-8dcd-42e1-b514-2f38f1d9d33a;Erstvertrag nach EXI-Jahr 1x Complete, Elektrokatalog und kostenloses App-Paket;1
d69b3829-a99a-4af2-84e6-167eb1c26bdf;1x Monteur+;0
7abe3d52-d197-48c1-a001-1532c8d50254;1x Zeit+;0
21550c66-3c2b-456d-8a0b-4c7e6fde6a79;Erstvertrag 2x Complete, Kommunikationsserver, 13x Zeit+;2
9cf4653d-d06b-4aa1-9366-0366be438263;3x Zeit+;0
d5e6a5f0-8ad2-487a-889b-863f2da2588f;Testvertrag;0
8ca310eb-ffae-41de-8aa2-38686378da57;01.01.2021 Umgestellt auf monatliche Softwarepflege;0
e8d0d22f-d057-424e-a480-b78c9af8b30a;1x Complete und Upgrade Elektrokatalog 2-10 AP;1
0b7c697a-b5a1-4dd1-8d6f-a29ac9b5df70;5x Zeit+;0
7db03111-e9eb-48e0-90da-434d16cc9c75;"Erstvertrag nach EXI Programm
1x Complete, Elektrokatalog 1 AP und 1x Monteur+";1
d47a5d6e-44c5-475a-a09d-33f04b7a456f;1x Monteur+ und 1x Zeit+;0
444e27e0-4e51-4472-a66c-27a037ee3427;1x Zeit+ die schon während des Exi Jahres gemietet wurde;0
cba45c3b-5f7b-4a42-b02e-b8f0af5f758a;Erstvertrag 1x Professional und Elektrokatalog;1
cc6569c9-421c-427e-8750-eff369e2d286;Influenzerprogramm! Keine Ahnung was da läuft und Marketing schreibt Verträge raus ohne das ich etwas davon weiß. Nicht nachvollziehbar.;0
9423191b-9000-4725-bf83-10ea443b6d06;1x Monteur+ und 1x Zeit+;0
ed50b96f-5bb0-4eb5-901e-8fcc5d1643fd;2x Monteur+;0
141deb97-5f66-45ee-839e-f6da23c9d603;1x Zeit+;0
97da7a9d-7073-4b6f-bcbb-16588e9e5794;2x Monteur+ und 1x Zeit+;0
545830d9-546d-4c34-9952-6f6422f1113f;1x Zeit+;0
3fcd9b30-7660-4181-beab-c83a1922bda6;2x Monteur+ und 1x Bestell+ (aus Gratis-App-Aktion);0
4375c924-6981-41cf-afcb-d7a924689ce6;6x Zeit+;0
d4668379-710f-4876-bd30-bcbfc625c098;2x Upgrade Complete und Kommunikationsserver;0
89e5b4e1-54b0-4b5d-bb38-c58f4c5aef8f;1x Professional;1
5ee1da7e-adad-4735-90b2-cfb33e222de2;1x Professional;1
fd958d12-e7cc-4e11-acb2-15eee05bad63;"Zusammenführung der Mietverträge 
5x Professional und Elektrokatalog 2-10 AP";5
fc18aae2-e35b-4e59-9f89-987b3148fa39;1x Zeit+;0
b1a15570-c609-4cfb-803f-f9d922164959;1x Zeit+;0
e5f5a2ff-fd6e-42c0-a19b-8bd5f764fcf3;1x Zeit+ und Testmandant aus Kulanz 0€;0
8bd3e6e8-8c71-4e87-83c4-62f065d7bf4b;2x Zeit+;0
bd374e6c-1f71-4322-9f9a-2ecd7e9c37c3;Kündigung 1x Monteur+ App;0
650b43d2-9dfd-4c0f-b1fd-4789ab8e848e;1x Zeit+;0
5c66ef7f-9a35-465c-8d41-4787f80aa4d2;Weitere 1x Professional ;1
de101df7-682a-4912-9168-4cb491f25eff;2x Zeit+;0
0da02ed3-bc9f-424c-bee0-eea62a7abebf;1x Zeit+;0
b22c92a8-5daa-4dfc-bac9-4593979fcf2d;1x Zeit+;0
14016157-a617-4942-8b9d-fea1c484dbd8;2x Zeit+;0
70988711-2873-4352-a55a-5652fa297f96;2x Zeit+;0
7ddb935a-acd3-4a8f-9e7e-fb90d39ef728;"Zusammenfassung aller vorherigen Verträge.
Erstvertrag 4x Professional, 1x Prüf und Freigabelizenz, 21x Zeit+, 1x Monteur+ und Kommunikationsserver";4
6505ee52-beed-4f64-9b62-fa3a87f0aab8;Erstvertrag 6x Complete, Kommunikationsserver und kostenloses App-Paket;6
c2820ff3-e2e6-494f-bf69-4b2b30d5f47c;Erstvertrag 1x Complete, Kommunikationsserver, kostenloses App-Paket und 1x Monteur+ (12 mon. Nutzungsrecht);1
5027b492-6933-4db2-8e4e-0cd5a26f5c4e;Erstvertrag 2x Complete, Elektrokatalog 2-10AP, Kommunikationsserver, 1x digitale Plantafel, kostenloses App-Paket, Prüf- und Freigabelizenz (versehentlich mit 15€ auf dem Mietvertrag. Wird berechnet), 1x Zeit+ und 1x Monteur+;2
0df45fe7-e2a9-429e-baa6-c9537cdddfa8;1x Zeit+;0
1dda173b-63be-44c9-b17b-9ba4ca485acc;Erstvertrag 2x Complete, Kommunikationsserver und 1x Zeit+;2
a0ffc4e8-b782-46c2-b0b7-26998752f87c;Großes Durcheinander da sie eine eigene Software im Einsatz haben. Ich habe nur einen Betrag eingegeben.;0
6be63173-280b-4e63-8fe4-261aa5d7f619;Fehlbetrag wo für mich nicht nachvollziehbar ist;0
80f3c1b7-6a5d-4de6-afb0-81914b9787ca;5 weitere Professional;0
89856cfb-25a7-43db-8412-1b8fb5f02554;"Erstvertrag nachdem sie zu Taifun wechselten. Waren seit 2016 Kunde
1x Professional und Elektrokatalog";1
39b201bd-07b6-4154-acf0-f035c4b7e8be;"Eine Weitere Professional Lizenz und Upgrade Elektrokatalog 2-10 AP
(Im Mietvertrag aus versehen das zweite mal Katalogpflege, wird aber berechnet!)";0
34a7c9bb-3f80-4cdc-985a-3e39b05bde55;Mehrfirmenfähigkeit;0
61a88bd2-198d-4ec7-854e-f6a80926ce65;2 weitere Professional;0
da352c04-d029-49fe-8bf6-13e860766579;Erstvertrag 15x Complete, Elektrokatalog 11AP, 4x Mehrfirmenfähigkeit,4x Monteur+, 2x Aufmaß+ und 5x Zeit+;15
fa9bfce4-e117-4d5f-beef-8cd2dfec0e52;3x Bautagebuch+ und 3x Aufmaß+;0
14cd46d8-4b93-47bf-ad57-eee032660e89;1x Monteur+, 1x Aufmaß+ und 1x Zeit+;0
844e25e1-cea2-4292-9be8-694d00df0047;4x Zeit+;0
af582037-3f45-4a5c-89a0-8e5468093bef;1x Monteur+, 1x Aufmaß+ und 1x Zeit+;0
2129ddad-2bc8-4168-875f-8422a7ff25fb;1x Monteur+, 1x Aufmaß+ und 1x Zeit+;0
bd093d2c-49e8-441c-890d-78d6b8e23f46;2x Monteur+, 2x Aufmaß+ und 2x Zeit+;0
3c38bea6-33b4-4310-8b9e-0b18a86bf2e0;3x Monteur+;0
f1a12394-7bc1-4977-98a3-8b346510d4d8;Erstvertrag 1x Premium (Professional) und Elektrokatalog;0
cdd50008-c0f9-429a-9a49-225a6e4e3350;2x Professional, 1x Finanzbuchhaltung, 1x Anlagenbuchhaltung;2
9a148407-52be-4161-816b-67340062ed58;"1x Monteur+
Zuvor gab es ein Mietvertrag mit Gratis-App-Aktion";0
b5311b24-6e98-4dab-bb3b-c0e2ab0e22fc;4x Monteur+ (Davon 3x 6 Monate mietfrei wegen Umstellung von Portable);0
63785d5c-fcaa-4d28-9ece-914aeadc9c3d;1x Monteur+;0
1581a4b2-7466-479e-973c-fc1292deebde;Elektrokatalog 2-10 AP;0
25d4c614-b8ce-44b0-a473-a93215e131d4;Erstvertrag 4x Complete, Kommunikationsserver, 1x Mehrfirmenfähigkeit und kostenloses App-Paket;4
dfd5cd94-e80e-4f3b-8d9e-17180a3b5eeb;1x Monteur+;0
dffa6e5a-0f15-4aab-9719-0a9bf5a9dbd4;2x Zeit+;0
9c22ec8f-40cd-4f51-8eea-7f610a36406e;1x Monteur+ und 3x Zeit+;0
413897f5-f99f-443c-8ead-b4619f39f71c;1x Complete;1
3bc5bea3-2901-4e47-8cd8-18fa7e6255bd;Erstvertrag mit 1x Complete und Elektrokatalog 1AP;1
0d3afc00-1ef7-4ef5-805c-44b9c927eb03;"3x Monteur+ 
Zuvor ging Mietvertrag raus mit Gratis-App-Aktion";0
e66fd5ff-f20c-41c7-9d26-63df4a15c939;Erstvertrag 2x Complete (20% da BHE Mitglied) und 3x kostenloses App-Paket;2
675e322a-265c-494a-8d6c-2648f05aa821;1x Monteur+ und 1x Zeit+;0
c5ab6804-8cd5-4475-beff-71eda945ea77;Erstvertrag 5x Complete, Elektrokatalog 2-10AP, Kommunikationsserver, digitale Plantafel, Mehrfirmenfähigkeit, 12x Monteur+ und 22x Zeit+;5
291d9bc1-eeed-4a7c-9237-06ce9d007fd1;Teilkündigung 2x Monteur+ und 1x Zeit+;0
0ae95472-ed2a-4660-a9c0-9c4b08790207;Teilkündigung 4x Zeit+;0
c1a5abb6-055c-4c12-b44d-ee7481bf7e09;1x Monteur+;0
403a8031-4468-4d68-96df-abf63a93ac68;2x Aufmaß+;0
39d3ab66-6dbf-41fe-ab4b-088c07e594c1;2x Monteur+, 2x Aufmaß+ und 2x Zeit+;0
54ac21d1-8506-42d0-8323-2d040616148c;Erstvertrag nach EXI-Jahr 1x Complete und Elektrokatalog 1AP;1
b4f1f059-f4cd-41ff-8305-56a31830f1bc;3x Complete und Upgrade Elektrokatalog 2-10AP;3